dates,inf_yoy,inf_mva,inf_food_yoy,inf_food_mva,inf_core_yoy,inf_core_mva,inf_core_eng_yoy,inf_core_eng_mva,Credit to Government,Credit to Private Sector,Currency in Circulation,Demand Deposits,Money Supply M2, BDC ,nber,elect
2000/01/01,-2.49,5.23,-17.5,3.41,-2.54,12.93,4.95,-55.63,32456.58,440872.28,199339.8,227245.38,648506.59,104.31,0,0
2000/02/01,-1.73,3.92,-15.83,1.74,-2.07,10.37,5.94,-53.3,-34080.22,464643.2,193939.35,246344.52,722772.36,105.91,0,0
2000/03/01,-1.43,2.72,-15.7,0.01,0.18,8.26,6.73,-50.7,20342.75,478189.64,197821.04,298551.18,795529.02,106.4,0,0
2000/04/01,-0.05,1.79,-14.15,-1.57,2.01,6.44,7.22,-47.71,-31939.64,499596.63,201024.54,290609.48,801187.83,106.14,0,0
2000/05/01,2.17,1.08,-13.65,-3.2,5.85,5.13,6.59,-44.35,-24237.56,504163.25,200854.16,292430.82,808090.48,105.85,0,0
2000/06/01,5.87,0.92,-13.01,-4.79,13.88,4.95,6.59,-40.35,-26413.88,522327.8,203993.26,325380.3,904153.97,106.53,0,0
2000/07/01,6.67,1.16,-13.01,-6.48,14.1,4.9,7.23,-35.57,1515.66,546256.13,213697.55,348718.18,942642.43,111.78,0,0
2000/08/01,13.1,2.17,-12.14,-7.92,20.5,5.6,8.88,-29.82,49480.21,566741.12,227885.56,324820.89,948756.84,114.05,0,0
2000/09/01,15.51,3.26,-13.17,-9.43,29.21,7.29,9.38,-22.89,48184.37,564206.19,234241.28,337452.39,962743.77,119,0,0
2000/10/01,17.08,4.52,-13.52,-10.96,31.05,9.25,9.71,-14.67,28458.94,588250.55,244832.75,350056.5,984274.45,119.74,0,0
2000/11/01,15.38,5.77,-14.2,-12.59,26.56,11.49,9.17,-4.75,-45475.44,593231.36,268310.75,342595.61,986750.06,120.28,0,0
2000/12/01,14.53,6.94,-14.07,-14.15,22.73,13.25,10.17,7.73,-123989.8,596001.5,310496.3,363720.6,1036079.5,122,0,0
2001/01/01,17.64,8.59,12.2,-12.07,23.84,15.47,11.11,8.25,-44457.7,645124,305922.4,380947.6,1092754.3,123.43,0,0
2001/02/01,18.59,10.29,13.83,-9.93,24.28,17.7,10.65,8.64,13861.3,688992.7,305285.1,478818.1,1204777.7,125.21,0,0
2001/03/01,18.2,11.94,16.27,-7.56,19.38,19.33,11.04,9,25849.2,713552.1,320273.8,477227.2,1274030.4,127.55,0,0
2001/04/01,23.23,13.92,26.7,-4.45,16.21,20.52,11.77,9.38,1338.84,710510.6,333567.4,500693.7,1289159.1,135.52,1,0
2001/05/01,22.96,15.72,30.21,-0.98,11.32,20.94,12.24,9.85,-10989.5,741201,336287.7,505628.6,1303536.4,138,1,0
2001/06/01,16.06,16.6,30.45,2.6,-3.75,19.19,10.44,10.17,-69914.3,758574.6,340914.6,461370.3,1263161.2,136.19,1,0
2001/07/01,19,17.65,32.95,6.45,1.18,17.93,12.14,10.58,-63854.1,777313.9,343924.7,471196.8,1271785,135.89,1,0
2001/08/01,18.71,18.12,33.89,10.41,0.11,16.02,11.32,10.78,-99606.5,788912.2,342070.6,438021.8,1254749.7,134.54,1,0
2001/09/01,19.12,18.41,39.53,14.98,-5.45,12.92,8.8,10.72,-27426.2,832559.7,344165.6,488482.2,1327624.7,134.54,1,0
2001/10/01,19.33,18.6,37.07,19.52,-2.82,10.05,9.05,10.66,-9852.3,824037.8,348057.4,477868.4,1309696.6,134.45,1,0
2001/11/01,17.43,18.74,31.49,23.81,-1.03,7.82,10.94,10.8,45327.9,843760.3,361941.5,492999.2,1324715.1,134.05,1,0
2001/12/01,16.49,18.87,28.89,28.02,0.15,6.04,10.52,10.82,-6006.53,854999.33,403505.98,478036.47,1315869.15,134.59,0,0
2002/01/01,18.55,18.93,29.28,29.36,4.9,4.66,7.25,10.49,23143.1,854130.6,382148.2,481346.6,1347265.6,135.87,0,0
2002/02/01,17.99,18.88,27.79,30.43,4.46,3.25,8.69,10.32,71116.9,875789.9,377453.1,498018,1381821.4,139.18,0,0
2002/03/01,17.38,18.79,25.04,31.05,7.06,2.43,8.52,10.11,111973.2,892872.4,371129.6,519753.5,1423345.5,138.99,0,0
2002/04/01,12.76,17.91,14.83,29.79,9.13,2,5.03,9.53,116973.1,901459,377085.7,536601.2,1435397.5,136.98,0,0
2002/05/01,10.18,16.8,11.08,27.87,8.86,1.88,4.25,8.85,129330.2,918216.8,363246,559796.7,1442433.7,136.29,0,0
2002/06/01,12.22,16.45,10.31,25.91,19.68,3.69,6.19,8.49,126572.8,939384.2,354374.6,582001.9,1502054.9,136.47,0,0
2002/07/01,15.57,16.17,15.11,24.3,13.37,4.66,3.94,7.8,144361.5,977445.6,355100.5,593583,1503378.9,135.8,0,1
2002/08/01,12.28,15.62,10.47,22.23,13.19,5.74,7.08,7.46,222572.8,908300.7,356527.3,590227.4,1528379.1,137.91,0,1
2002/09/01,9.97,14.83,5.72,19.38,16.16,7.56,12.21,7.76,211558.1,968625.5,371962.1,626820.2,1605419.1,139.03,0,1
2002/10/01,5.37,13.63,0.71,16.39,12.82,8.93,8.22,7.7,185454.7,977417.1,385066.9,683279.4,1691612.5,139.17,0,1
2002/11/01,12.15,13.21,7.26,14.56,19.69,10.69,10.29,7.67,59624.4,996523.2,409275.8,585923.8,1610959.2,139.22,0,1
2002/12/01,12.17,12.88,9.14,13.14,21.01,12.46,14.99,8.09,373639.2,955762.1,463153,559311.1,1599494.6,138.57,0,1
2003/01/01,10.59,12.26,7.55,11.56,16.07,13.43,13.54,8.62,460771.2,1029740.9,441311,686087.7,1746192.1,139.7,0,1
2003/02/01,7.27,11.39,3.48,9.75,14.18,14.26,12.07,8.91,533881.5,1038530.3,434747,712858.6,1778660.2,140,0,1
2003/03/01,5.86,10.47,0.11,7.86,15.38,14.95,13.86,9.37,430656.4,1024325.7,435138.6,753201.9,1918925.7,138.45,0,1
2003/04/01,8.27,10.09,3.34,6.94,16.94,15.61,17.59,10.41,377021.5,1051532.1,472750.3,754672.7,1966190.1,138.75,0,1
2003/05/01,8.67,9.96,3.3,6.3,17.59,16.33,15.45,11.33,451614.8,1046594.4,449923.2,692156.8,1857919.5,140.31,0,1
2003/06/01,13.99,10.14,6.24,5.97,22.22,16.6,17.66,12.28,605045.7,1066036.8,445156.2,937218,2124315.7,139.42,0,1
2003/07/01,12.92,9.96,0.12,4.7,41.22,18.97,21.99,13.79,713205.5,1105225.6,438432.5,770122.5,1952426.1,139,0,0
2003/08/01,12.44,10,0.91,3.9,30.87,20.47,20.03,14.88,658466.2,1119970,439678.3,816197.7,1972619,141,0,0
2003/09/01,18.37,10.74,6.23,3.95,36.25,22.2,22.46,15.77,625658.7,1065107.1,434581.9,901642.7,1981068.5,143,0,0
2003/10/01,23.6,12.26,13.2,4.97,40.73,24.58,27.82,17.41,696507.4,1179478.4,440692.9,922457.8,2071969,143.67,0,0
2003/11/01,21.29,13.05,12.35,5.41,35.7,25.97,27.85,18.91,584765.7,1219892.1,451111.1,947962.8,2079576.6,150.21,0,0
2003/12/01,23.81,14.03,15.44,5.96,34.78,27.15,25.07,19.8,591944.7,1211993.4,502254.5,813404.1,1985191.8,150.42,0,0
2004/01/01,22.39,15.03,11.9,6.33,37.99,29.01,26.37,20.87,666231.6,1261320.6,480175,715307.8,1917503.4,147.65,0,0
2004/02/01,24.85,16.47,14.53,7.23,41.09,31.24,26.42,22.06,614633.2,1290761.9,465705.9,806095,2062656.1,142.95,0,0
2004/03/01,22.46,17.81,15.59,8.47,32.64,32.59,27.5,23.19,499985.6,1321106.4,466494.4,817203.4,2106238.6,139.92,0,0
2004/04/01,17.54,18.55,14.38,9.39,22.5,32.89,15.41,22.92,598317.8,1368465.7,461326.2,792931.4,2089655.8,138.85,0,0
2004/05/01,19.78,19.44,18.05,10.62,23.43,33.21,17.53,23.02,599207.7,1404953.4,454376.1,812294,2105957.6,139.64,0,0
2004/06/01,14.1,19.39,14.54,11.33,14.68,32.32,14.56,22.67,453804.4,1393780.9,456306.8,841763.1,2113281.4,140,0,0
2004/07/01,10.68,19.12,12.23,12.4,5.84,28.96,10.73,21.63,470001,1462952.8,457159.4,854761.8,2123061.2,139.84,0,0
2004/08/01,13.01,19.1,16.34,13.73,9.07,26.91,11.34,20.81,424358.5,1465472.9,459707.4,862674.9,2141896.8,140.33,0,0
2004/09/01,9.13,18.22,14.55,14.43,3.56,23.93,6.58,19.35,453025.1,1489346.5,457977.8,877254.7,2156836.1,141.08,0,0
2004/10/01,10.73,17.12,15.37,14.61,3.38,20.67,6.35,17.51,425336.5,1524246.4,459390.6,901543.2,2231973.6,140.54,0,0
2004/11/01,10.05,16.14,15.07,14.83,3.22,17.86,4.62,15.5,462484.4,1543113.1,493522.5,917052.1,2269179.3,140.69,0,0
2004/12/01,10.01,15,12.11,14.53,5.89,15.48,-1.78,13.09,485725.5,1534447.8,545803,872071.3,2263587.9,138.71,0,0
2005/01/01,9.84,13.97,15.1,14.79,1.95,12.57,1.23,11,530942.3,1607458.4,522328,941541.8,2349890.3,139.8,0,0
2005/02/01,10.94,12.9,18.7,15.16,-0.43,9.39,3.13,9.17,527629.6,1623277.2,502510.5,973024.5,2444112.4,139.93,0,0
2005/03/01,16.27,12.52,25.01,15.96,3.64,7.32,0.66,7.04,593223,1666760.1,512839.3,1040517.8,2568065.3,139.73,0,0
2005/04/01,17.93,12.61,20.28,16.46,13.81,6.83,14.23,7.03,580531.4,1722901.7,505064,972363.3,2503988.4,141.77,0,0
2005/05/01,16.82,12.46,15.74,16.28,16.58,6.53,15.24,6.97,593455.7,1789146.5,495631.2,1022398.5,2566100.6,141.21,0,0
2005/06/01,18.57,12.86,18.04,16.57,16.24,6.73,17.78,7.32,341727.8,1840766.4,494944.3,1038263.5,2691297,141.85,0,0
2005/07/01,26.12,14.18,35.67,18.6,10.75,7.14,16.9,7.86,502437.3,1907742.8,501726.9,1080369.1,2803529.6,143.94,0,0
2005/08/01,28.21,15.48,38.49,20.53,12.13,7.41,13.1,8.04,575651,1940462.3,507967.5,1108254.4,2775685.6,145.82,0,0
2005/09/01,24.32,16.75,29.47,21.8,14.61,8.31,14.7,8.72,603058,1986211.2,513373.4,1112375.1,2772993.1,145.8,0,0
2005/10/01,18.6,17.39,24.56,22.54,9.44,8.82,13.36,9.3,512767.9,1937031.3,520458.2,1072332.1,2699799.6,144.99,0,0
2005/11/01,15.12,17.78,19.71,22.86,6.82,9.11,7.66,9.54,337886.7,2031565.4,547297.2,1014619.6,2664644.8,143.94,0,0
2005/12/01,11.57,17.86,15.51,23.06,2.39,8.78,9.12,10.48,306031.9,2007355.8,642388.2,1162163.8,2814846.1,141.93,0,0
2006/01/01,10.71,17.87,14.7,22.93,4.27,8.98,11.68,11.36,417689.8,1981707.7,572747.4,1242186.1,2967139.5,144.09,0,0
2006/02/01,10.84,17.8,10.51,22.13,11.09,9.98,11.89,12.09,179810.7,1113895.9,561626.4,870045.1,2227472.8,145.47,0,0
2006/03/01,12.04,17.4,9.26,20.74,16.31,11.06,11.88,13.07,471892.3,2126956.6,563713,1357503.2,3307667.9,148.46,0,0
2006/04/01,12.56,16.92,9.64,19.77,16.62,11.33,11.46,12.83,523023.3,2173758.9,610130.3,1499052.5,3540703.6,147.85,0,0
2006/05/01,10.55,16.36,8.63,19.07,14.52,11.22,13.46,12.7,8761.3,2351085.9,611224.3,1557909.9,3684404.5,142.33,0,0
2006/06/01,8.49,15.47,6.24,17.98,13.62,11.05,13.99,12.42,360789.4,2303700.5,602829,1702322.4,3911821.5,136.82,0,0
2006/07/01,3,13.48,-3.69,14.48,13.59,11.29,15.2,12.33,-154889.2,2384795.4,606859.5,1743976.9,4109850.4,130.12,0,1
2006/08/01,3.75,11.44,-2.27,11.01,14.49,11.5,11.89,12.23,-84417.3,2542805.2,609346.6,1731775.3,4189053.5,130.46,0,1
2006/09/01,6.25,10.01,4.26,9.01,10.58,11.19,11.01,11.93,-235144.7,2571678,615140.9,1804641.2,4320672.3,130.21,0,1
2006/10/01,6.13,9.02,4.7,7.49,9.01,11.14,13.06,11.92,-894120.9,2633999.4,629511.2,2047428.2,4730662.8,130.3,0,1
2006/11/01,7.76,8.45,5.4,6.43,12.12,11.56,18.27,12.8,-1589697.2,2652208,669521,1867966.2,4557557.2,129.82,0,1
2006/12/01,8.55,8.23,3.88,5.56,17.27,12.79,22.61,13.89,-1936615.7,2650821.5,779254.2,1629705.3,4027901.7,129.32,0,1
2007/01/01,7.97,8.02,-0.13,4.43,19.34,14.03,13.15,14,-2598554.7,2336212,705163.8,1575809,3900134.7,130.04,0,1
2007/02/01,7.08,7.73,3.32,3.89,11.02,14,8.98,13.73,-2469053.1,2371289.9,704584.8,1648878.3,4122142,130,0,1
2007/03/01,5.25,7.19,1.71,3.3,8.88,13.36,10.23,13.57,-2508626.6,3048942.3,727411.2,2009130.2,4798317.4,129.34,0,1
2007/04/01,4.22,6.52,2.06,2.72,5.37,12.36,6.49,13.11,-2754698,3211551,766011.7,2239922.6,5052863.3,129,0,1
2007/05/01,4.64,6.04,2.36,2.24,4.64,11.47,2.73,12.13,-2436619.1,3425313.2,742810.4,1993337.5,4909220.6,129.16,0,1
2007/06/01,6.43,5.88,3.2,2.01,9.64,11.13,-0.31,10.83,-2615012,3503723,714955.6,2113318.5,5116246.7,128.32,0,1
2007/07/01,4.83,6.03,1.12,2.43,9.93,10.83,-0.42,9.44,-2742458,3829247.1,714343.1,2231392.2,5130160.2,127.52,0,0
2007/08/01,4.21,6.07,-1.17,2.54,11.23,10.59,5.62,8.91,-2495428.9,3909449.7,717704.5,2348269.8,5550488.3,127.39,0,0
2007/09/01,4.12,5.88,-0.79,2.09,10.49,10.58,3.66,8.29,-2462861,4203169.5,722306.9,2495221.5,5672622.4,126.5,0,0
2007/10/01,4.55,5.74,-0.08,1.68,10.68,10.71,-0.92,7.09,-2625690.8,4415556.4,755643.4,2367525.4,5585227.8,126.5,0,0
2007/11/01,5.16,5.53,3.18,1.51,7.36,10.32,-4.34,5.23,-2197226.5,4712718.9,790177.1,2321006.9,5881558.6,123.8,0,0
2007/12/01,6.56,5.39,8.23,1.87,3.63,9.22,-6.53,2.91,-2368484.4,5056720.9,960774.4,2378404.9,5809826.5,121.39,0,0
2008/01/01,8.57,5.45,12.65,2.88,2.54,7.88,1.43,2.02,-2419584.3,5338434.8,865935,2804120,6527673,120.8,1,0
2008/02/01,8.03,5.54,8.7,3.32,6.39,7.51,6.4,1.85,-2456442.8,5739400.7,866677.6,3095799.9,7016468.5,119.57,1,0
2008/03/01,7.78,5.75,12.41,4.2,0.54,6.8,-1.36,0.94,-2501996.3,5964326.8,891816.9,3883349,7998232.8,119,1,0
2008/04/01,8.17,6.08,13.14,5.11,1.2,6.43,1.45,0.55,-2895186.4,6494209.4,898903.7,3380826.9,7805093.5,118.93,1,0
2008/05/01,9.7,6.5,14.66,6.12,3.31,6.31,3.73,0.64,-3094241.2,6787458.9,916902.2,3333117.4,7546333.7,118.8,1,0
2008/06/01,12.05,6.98,18.06,7.35,3.57,5.8,7.95,1.33,-2716445.3,6754681.6,918282.9,3655456.3,7948368.8,118.7,1,0
2008/07/01,13.95,7.76,20.88,9,4.76,5.37,6.62,1.92,-2433993,7341118.3,936858.5,3393877.8,8067591.2,119,1,0
2008/08/01,12.36,8.46,18.77,10.73,3.86,4.77,6.59,2.02,-2986658.7,7425092.4,948262.7,3537857,8335290.5,119,1,0
2008/09/01,13.02,9.23,17.15,12.33,6.9,4.51,8.33,2.42,-3230039.3,7474666.4,976362.3,3765004.3,8960287.7,119,1,0
2008/10/01,14.74,10.08,19.18,13.99,7.92,4.33,11.41,3.43,-3439071.7,7693775.4,966136.9,3492657.8,8339115.5,119,1,0
2008/11/01,14.83,10.88,18.15,15.27,9.35,4.51,13.05,4.87,-3635992.3,7973271.5,988182.5,3524640.3,8387156.7,119.1,1,0
2008/12/01,15.06,11.58,17.97,16.07,10.42,5.06,15.3,6.71,-3107688.6,8059548.9,1155334.6,3964636.7,9166835.3,137.65,1,0
2009/01/01,14.03,12.03,18.44,16.54,8.01,5.52,12.59,7.64,-3506931.1,8508579.5,1064615.1,3885688.4,9294035.9,149.88,1,0
2009/02/01,14.58,12.57,20.04,17.45,7.18,5.59,9.1,7.87,-4143119.9,8467978.1,1024200.6,3844076.5,9087967,156.93,1,0
2009/03/01,14.37,13.1,16.23,17.74,11.84,6.51,15.32,9.25,-3605924.4,8226442.6,1037766.1,3862641.7,8997817.3,174.32,1,0
2009/04/01,13.27,13.51,15.34,17.89,10.85,7.3,13.31,10.24,-3341698,8379909,1048137.4,3745892,9001008.1,180.27,1,0
2009/05/01,13.21,13.79,15.74,17.95,9.88,7.85,12.59,10.98,-3262697.1,8509346.3,1026915.4,3558066.8,8720581.4,180.63,1,0
2009/06/01,11.19,13.69,13.14,17.5,8.47,8.26,9.32,11.08,-3150018.1,8556944.7,1006598.9,3738151.9,9077026.5,166.14,1,0
2009/07/01,11.09,13.44,12.87,16.81,8.28,8.55,12.38,11.56,-3302158.3,9026074.5,1008282.4,3536908.6,8889358.8,155.13,0,0
2009/08/01,11.05,13.31,12.75,16.28,8.04,8.91,9.25,11.77,-3280802.2,9675017.7,1019428.2,3755488.4,9475324.9,158.95,0,0
2009/09/01,10.39,13.07,12.47,15.86,7.43,8.94,9.28,11.83,-2957111.8,9811363.3,1031852,3554775.5,9458490.2,158,0,0
2009/10/01,11.59,12.8,13.52,15.4,8.93,9.02,9.47,11.66,-2722121.4,9853616.2,1020135.1,3609322.5,9911551.3,153.05,0,0
2009/11/01,12.37,12.61,13.48,15.02,10.7,9.14,10.99,11.49,-2565242.4,9989981.5,1108617.3,3870502.2,10239558.4,152.95,0,0
2009/12/01,13.93,12.54,15.52,14.84,11.25,9.23,11.14,11.17,-2356694.72,10219336.11,1181541.93,4089879.48,10780627.14,153.48,0,0
2010/01/01,14.4,12.59,15.92,14.67,12.06,9.57,10.79,11.03,-2333484.88,10081998.31,1068205.82,3820390.97,10446373.94,153.55,0,0
2010/02/01,15.65,12.7,16.21,14.41,13.98,10.14,13.33,11.38,-2024593.12,10069461.14,1049411.15,3988583.97,10792645.17,152.08,0,0
2010/03/01,14.81,12.76,15.79,14.39,13.18,10.27,12.3,11.17,-1782248.4,10050671.9,1086457.41,4132896.48,11023312.97,151.85,0,0
2010/04/01,15.04,12.92,16.31,14.49,12.84,10.44,11.77,11.05,-1914158.76,10079225.2,1072606.34,4211998.76,10972487.61,152,0,0
2010/05/01,12.91,12.89,13.02,14.27,11.71,10.6,11.64,10.99,-1465783.35,10026969.06,1056748.38,4200838.4,10759314.65,153.26,0,0
2010/06/01,14.1,13.13,15.05,14.42,12.69,10.95,12.4,11.24,-1585921.87,10102817.5,1063633,4122577.85,10845498.1,153.87,0,0
2010/07/01,13,13.28,14.04,14.51,11.29,11.19,10.56,11.09,-1566914.03,9910705.58,1076922.08,4152669.49,10941435.3,152.41,0,1
2010/08/01,13.7,13.5,15.09,14.71,12.37,11.55,13.01,11.41,-952896.42,10113201.39,1094707.85,4600272.66,11520644.68,152.23,0,1
2010/09/01,13.65,13.76,14.57,14.87,12.83,12,13.39,11.75,-1323996.29,10336114.78,1125394.92,4375026.63,11224789.77,153.85,0,1
2010/10/01,13.45,13.91,14.18,14.92,13.16,12.35,13.04,12.04,-1219137.51,10534365.85,1153171.25,4457855.73,11224607.28,153.98,0,1
2010/11/01,12.77,13.93,14.35,14.98,11.75,12.42,11.33,12.06,-1422322.59,10748379.34,1227639.1,4381912.05,11142651.36,153.13,0,1
2010/12/01,11.81,13.74,12.7,14.73,10.92,12.38,10.35,11.99,-1331697.66,9830344.08,1378134.43,4488974.82,11525530.34,154.57,0,1
2011/01/01,12.08,13.54,10.25,14.24,12.12,12.38,10.2,11.92,-835866.88,9416706.89,1340435.04,4533626.93,11561525.95,156.13,0,1
2011/02/01,11.1,13.16,12.22,13.91,10.56,12.1,10.01,11.64,-867211.05,9178289.55,1336807.39,4364478.92,11595668.3,155.11,0,1
2011/03/01,12.78,13,12.17,13.62,12.81,12.08,12.31,11.65,-1450519.04,9446946.32,1416379.04,4311833.05,11653623.81,157.09,0,1
2011/04/01,11.29,12.69,11.63,13.24,12.89,12.09,12.18,11.69,-995077.17,9900034.16,1492278.87,4475556.72,11898956.66,157.05,0,1
2011/05/01,12.35,12.65,12.18,13.16,13.01,12.2,11.69,11.69,-1090788.89,9849248.71,1401790.42,4495873.78,11986234.87,158.05,0,1
2011/06/01,10.23,12.32,9.22,12.66,11.52,12.1,10.31,11.51,-1262213.19,9957949.88,1353982.61,4620814.62,12172096.71,158.32,0,1
2011/07/01,9.4,12.01,7.88,12.13,11.47,12.11,11.6,11.47,-2031258.6,9951814.4,1344152.29,4828016.43,12389274.84,163.71,0,0
2011/08/01,9.3,11.63,8.66,11.58,10.86,11.98,10.91,11.19,-1194344.95,10884226.39,1380266.48,4810139.64,12508014.99,163.1,0,0
2011/09/01,10.34,11.36,9.48,11.16,11.56,11.88,9.81,10.9,-1215856,11110737.01,1342358.03,4990503.92,12618080.33,158.23,0,0
2011/10/01,10.54,11.13,9.75,10.79,11.54,11.75,10.68,10.71,-1868707.18,11638425.34,1358967.97,4760594.86,12172500.07,161.25,0,0
2011/11/01,10.54,10.95,9.62,10.41,11.46,11.72,10.92,10.68,-1555333.37,12402891.55,1390961.08,4703824.81,12210412.37,160.35,0,0
2011/12/01,10.29,10.83,11.02,10.29,10.82,11.7,12.43,10.64,-1030722.73,14183591.82,1566046.44,5526446.14,13303494.5,163.3,0,0
2012/01/01,12.63,10.89,13.06,10.53,12.75,11.76,14.35,10.99,-1479265.09,14641551.03,1476068.83,5733171.36,13755293.22,164.62,0,0
2012/02/01,11.87,10.95,9.73,10.33,11.91,11.87,12.03,11.16,-1160964.87,14010812.38,1438616.76,5338922.12,13153787.49,160.85,0,0
2012/03/01,12.11,10.91,11.84,10.32,14.99,12.07,14.5,11.37,-854957.14,14119886.08,1432834.61,5381589.99,13270973.81,159.41,0,0
2012/04/01,12.9,11.05,11.2,10.29,14.7,12.24,14.21,11.55,-1256292.68,14192622.77,1422438.72,5557726.1,13304783.81,159.37,0,0
2012/05/01,12.7,11.1,12.9,10.37,14.9,12.42,14.56,11.81,-1863509.94,14472588.23,1398955.5,5412920.16,13603139.34,159.67,0,0
2012/06/01,12.9,11.32,12,10.6,15.2,12.74,13.68,12.09,-1681604.73,14701058.4,1363730.71,5508400.4,13480391.26,163.43,0,0
2012/07/01,12.8,11.6,12.1,10.95,15,13.03,13.84,12.39,-1999193.85,14845383.35,1362604.36,5326965.32,13392426.38,163.32,0,0
2012/08/01,11.7,11.79,9.9,11.04,14.7,13.35,13.21,12.68,-1982468.02,14707982.09,1368236.75,5163558.38,13770062.26,162.24,0,0
2012/09/01,11.3,11.86,10.2,11.09,13.1,13.47,12.25,12.87,-1867404.16,14753999.51,1348838.34,5322282.25,14065267.13,159.8,0,0
2012/10/01,11.7,11.96,11.1,11.21,12.4,13.53,11.41,12.92,-1847500.9,14941117.52,1458211.89,5388547.36,14399299.17,159,0,0
2012/11/01,12.3,12.1,11.6,11.36,13.1,13.66,12.32,13.02,-1424740.38,15252553.99,1430962.37,5740045.86,15062729.97,159.32,0,0
2012/12/01,12,12.23,10.2,11.29,13.7,13.88,12.94,13.26,-2453557.09,15151762.15,1631717.16,6119785.55,15483847.53,159.26,0,0
2013/01/01,9.03,11.92,10.11,11.05,11.34,13.74,8.6,12.76,-2502762.38,14992713.22,1457179.98,5923025.89,15308392.82,159.12,0,0
2013/02/01,9.54,11.71,10.97,11.14,11.18,13.66,8.58,12.45,-2276494.72,15085168.13,1437459.95,5750677.86,15547624.71,158.7,0,0
2013/03/01,8.59,11.4,9.48,10.94,7.18,12.97,6.25,11.73,-2520968.24,15261936.09,1508513.31,5695898.32,15669169.15,159.8,0,0
2013/04/01,9.05,11.08,10.01,10.85,6.87,12.29,5.63,10.98,-2202764.55,15408175.43,1470133.64,5590867.45,15634382.05,159.81,0,0
2013/05/01,9,10.77,9.3,10.56,6.2,11.53,4.08,10.08,-2249527.38,15485229.91,1457653.74,5583944.64,15424052.62,159.57,0,0
2013/06/01,8.4,10.39,9.6,10.37,5.5,10.7,4.38,9.3,-2542654.43,15692036.93,1425507.77,5811744.33,15593172.51,160.98,0,0
2013/07/01,8.7,10.05,10,10.19,6.6,10.01,6.28,8.68,-1975740.91,15796614.39,1457282.93,5380984.01,14811429.8,162.43,0,0
2013/08/01,8.2,9.76,9.7,10.18,7.2,9.4,6.73,8.16,-2913532.85,16101212.81,1443338.14,5117764.89,14619449.23,162.28,0,0
2013/09/01,8,9.48,9.4,10.11,7.4,8.94,7.37,7.78,-3191362.4,16279269.64,1474048.92,5125300.03,14362451.07,163.14,0,0
2013/10/01,7.81,9.15,9.25,9.96,7.58,8.55,7.62,7.48,-2649138.72,16276436.03,1549536.22,5210490.02,14529508,165,0,0
2013/11/01,7.93,8.8,9.31,9.79,7.75,8.12,7.82,7.14,-2358883.29,16451787.69,1571034.8,5079505.03,14734882.8,167.14,0,0
2013/12/01,7.96,8.48,9.25,9.71,7.87,7.68,8.03,6.77,-1656265.28,16191470,1776413.12,5586178.35,15688963.55,171.4,0,0
2014/01/01,7.98,8.39,9.27,9.64,6.65,7.31,7.39,6.68,-478512.55,16064255.31,1588076.3,5449129.73,15493689.5,171.71,0,0
2014/02/01,7.71,8.24,9.21,9.5,7.17,6.99,8.02,6.65,-712493.7,16394059.55,1557627.71,5481481.02,15424175.17,169.45,0,0
2014/03/01,7.78,8.17,9.25,9.48,6.84,7,6.74,6.69,1648444.65,16452304.89,1573957.6,6332073.05,17732918.56,171.52,0,0
2014/04/01,7.85,8.08,9.41,9.42,7.51,7.05,7.61,6.85,1176186.91,16713605.54,1569240.7,6394160.41,17886647.83,170.3,0,0
2014/05/01,7.96,8,9.7,9.45,7.69,7.17,8.56,7.22,734152.81,16698019.09,1517240.24,6094067.12,17622558.39,166.85,0,0
2014/06/01,8.17,7.98,9.78,9.46,8.12,7.4,9.01,7.6,-238488.87,16927982.57,1496742.06,5884873.12,17576640.3,167.17,0,1
2014/07/01,8.28,7.96,9.88,9.46,7.12,7.44,7.08,7.67,169214.44,17234108.32,1567795.42,5936121.56,18102242.84,167.71,0,1
2014/08/01,8.53,7.99,9.96,9.47,6.26,7.35,6.64,7.65,173965.83,17407870.79,1501114.64,5805415.93,17898902.47,170.36,0,1
2014/09/01,8.32,8.03,9.68,9.5,6.28,7.26,6.24,7.55,274278.55,17694079.26,1547922.93,6053095.19,18200156.68,168.64,0,1
2014/10/01,8.06,8.05,9.34,9.51,6.25,7.15,6.31,7.44,902223.72,17790060.21,1533609.48,5997726.41,18496197.88,169.43,0,1
2014/11/01,7.93,8.05,9.14,9.49,6.26,7.02,6.28,7.31,942124.71,18075011.25,1577889.36,5764928.62,18804279.94,175.85,0,1
2014/12/01,7.98,8.05,9.15,9.48,6.22,6.88,6.25,7.16,1147707.24,18126049.46,1797978.87,5467394.32,18913028.98,188.45,0,1
2015/01/01,8.16,8.07,9.21,9.47,6.79,6.9,7.11,7.14,1973084.7,18175630.65,1661692.84,5713653.45,18965533.5,196.13,0,1
2015/02/01,8.36,8.12,9.36,9.48,6.99,6.89,7.08,7.06,1732411.48,18752744.39,1622701.06,5422548.41,18865922.34,213.03,0,1
2015/03/01,8.49,8.18,9.38,9.49,7.46,6.88,7.47,7.12,1985433.66,18650338.34,1818420.42,5512793.91,19132363.3,222.93,0,1
2015/04/01,8.66,8.25,9.49,9.5,7.66,6.89,7.68,7.13,1590233.23,18400346.87,1569240.7,5996285.06,19608078.85,210.7,0,1
2015/05/01,9,8.34,9.78,9.51,8.25,6.95,8.27,7.12,2363590.67,18678676.25,1671335.16,5357175.66,19196565.14,219.55,0,1
2015/06/01,9.17,8.42,10.04,9.54,8.4,6.98,8.36,7.07,2511101.09,18898673.11,1562346.08,5358403.82,18811429.4,218.98,0,1
2015/07/01,9.22,8.5,10.05,9.55,8.83,7.12,8.74,7.22,2875906.72,18666640.56,1574525.32,5286518.21,18424703.08,237.15,0,0
2015/08/01,9.34,8.57,10.13,9.57,9.01,7.36,8.84,7.4,2760460.28,18632551.25,1544559.65,5822663.36,18491571.96,216.64,0,0
2015/09/01,9.39,8.66,10.17,9.61,8.93,7.58,8.77,7.61,2786333.52,18733456.59,1637495.61,5929639.57,18718003.11,222.68,0,0
2015/10/01,9.3,8.76,10.13,9.68,8.74,7.78,8.57,7.8,2260614.98,19087990.03,1560385.57,5487619,18204395.78,224.98,0,0
2015/11/01,9.37,8.88,10.32,9.78,8.73,7.99,8.49,7.98,1762749.37,18708054.09,1633210,5719825.39,18367238.54,232.4,0,0
2015/12/01,9.55,9.01,10.59,9.9,8.73,8.19,8.44,8.16,2891946.66,18720505.43,1857941.79,7115604.46,20029831.12,258.3,0,0
2016/01/01,9.62,9.13,10.64,10.02,8.84,8.36,8.53,8.28,3417394.76,18940748.56,1725128.38,6872745.65,19799457.54,289.78,0,0
2016/02/01,11.38,9.39,11.35,10.18,11.04,8.7,9.48,8.48,3516381.23,19052304.48,1711623.51,7689232.81,20620803.08,329.83,0,0
2016/03/01,12.77,9.75,12.74,10.47,12.17,9.13,10.31,8.72,3781378.71,18883437.04,1811090.48,7599452.65,20470436,320.93,0,0
2016/04/01,13.72,10.18,13.19,10.79,13.35,9.61,10.79,8.98,3932580.4,19379765.77,1763533.17,7691693.23,20727909.47,320.71,0,0
2016/05/01,15.58,10.75,14.86,11.22,15.05,10.2,12.3,9.32,4031554.4,19039353.4,1746717.85,8311424.4,21035132.36,336.93,0,0
2016/06/01,16.48,11.37,15.3,11.67,16.22,10.86,13.32,9.75,3171443.45,21452183.25,1684583.12,8139936.23,22078013.46,351.82,0,0
2016/07/01,17.13,12.04,15.8,12.16,16.93,11.55,13.63,10.17,3004853.09,22419746.02,1664658.29,8209836.25,22535192.76,364.47,0,0
2016/08/01,17.61,12.74,16.43,12.7,17.21,12.25,13.88,10.59,3550157.12,22806119.16,1679477.28,8166057.59,22057000.95,396.15,0,0
2016/09/01,17.85,13.45,16.62,13.24,17.67,12.98,14.12,11.04,3514975.12,22739685.84,1794287.84,8352251.78,22013780.89,431.1,0,0
2016/10/01,18.33,14.21,17.09,13.82,18.07,13.76,14.58,11.54,3520265.44,23180458.06,1825664.51,8406378.68,22180072.3,462.03,0,0
2016/11/01,18.48,14.96,17.19,14.39,18.24,14.54,14.87,12.07,3579216.77,23116648.95,1907863.84,8845624.11,22386048.43,415.36,0,0
2016/12/01,18.55,15.7,17.39,14.95,18.05,15.31,14.7,12.59,4875570.3,21982149.04,2179174.28,9451090.92,23591732.58,455.26,0,0
2017/01/01,18.72,16.44,17.82,15.54,17.87,16.04,14.54,13.08,4629967.24,21878063.18,1994577.62,9352283.79,23096526.55,493.29,0,0
2017/02/01,17.78,16.96,18.53,16.13,16.01,16.44,13.97,13.44,4977649.78,22231693.64,1978886.94,8445882.91,22210954.84,494.7,0,0
2017/03/01,17.26,17.32,18.44,16.6,15.4,16.68,13.58,13.71,5303542.02,22371829.92,1983633.07,8573516.26,22304267.84,429.48,0,0
2017/04/01,17.24,17.59,19.3,17.11,14.75,16.77,13.74,13.94,5270202.59,22244134.26,1975812.32,8209102.97,21768241.12,392.89,0,0
2017/05/01,16.25,17.63,19.27,17.48,13.02,16.57,12.2,13.91,4811650.01,22025122.45,1897917.15,8736706.95,22047770.68,384.48,0,0
2017/06/01,16.1,17.58,19.91,17.87,12.46,16.22,12.02,13.79,5250486.41,21985947.18,1873544,8713043.48,21980582.35,366.25,0,0
2017/07/01,16.05,17.47,20.28,18.25,12.21,15.8,12.35,13.68,5861018,22172366.6,1769750.47,8878523.14,22195019.77,365.38,0,0
2017/08/01,16.01,17.33,20.25,18.57,12.3,15.37,12.7,13.57,4824226.22,21997220.59,1868735.07,8367573.19,21851454.31,365.57,0,0
2017/09/01,15.98,17.17,20.32,18.88,12.12,14.9,12.72,13.45,4963406.02,22021899.19,1781046.41,8628920,21953993.84,365.55,0,0
2017/10/01,15.91,16.97,20.31,19.14,12.14,14.41,12.72,13.3,5245888.6,21928917.21,1791194.52,8929288.95,22500618.01,362.21,0,0
2017/11/01,15.9,16.76,20.31,19.39,12.21,13.93,12.75,13.13,4392408.33,21956660.2,1896156.51,8561517.24,22311118.02,362.41,0,0
2017/12/01,15.37,16.5,19.42,19.55,12.09,13.46,12.6,12.97,3638893.69,22290658.31,2157229.65,9392909.39,24140634.21,362.83,0,0
2018/01/01,15.13,16.22,18.92,19.62,12.09,13.01,12.68,12.82,3971062.07,21993431.04,1945444.2,9323111.54,23963031.48,363.2,0,0
2018/02/01,14.33,15.93,17.59,19.52,11.71,12.67,12.34,12.69,4596990.16,22500911.48,1937337.46,9283797.77,24143010.28,362.48,0,0
2018/03/01,13.34,15.6,16.08,19.29,11.18,12.33,11.85,12.55,4077433.87,22363228.18,2039324.37,9365598.17,24424422.14,362.07,0,0
2018/04/01,12.48,15.2,14.8,18.89,10.92,12.02,11.64,12.38,4986326.81,22276488.79,1957219.31,9024972.01,24474153.99,362.25,0,0
2018/05/01,11.61,14.79,13.45,18.36,10.71,11.83,11.6,12.32,3029133.21,22206743.91,1930695.53,9648791.07,25169014.19,362.86,0,0
2018/06/01,11.23,14.37,12.98,17.75,10.39,11.65,11.19,12.25,2805008.21,22281866.53,1900671.87,9181207.68,24814004.52,360.66,0,1
2018/07/01,11.14,13.95,12.85,17.1,10.18,11.48,10.81,12.11,3236115.48,22261209.87,1824826.08,9199700,24971101.93,359.36,0,1
2018/08/01,11.23,13.55,13.16,16.5,10.02,11.28,10.62,11.93,2221228.26,22470241.79,1928744.27,8906602.08,24859346.47,359,0,1
2018/09/01,11.28,13.16,13.31,15.92,9.84,11.09,10.48,11.74,3440986.85,22967438.83,1926382.16,9155799.39,25560662.33,359.25,0,1
2018/10/01,11.26,12.78,13.28,15.36,9.88,10.9,10.49,11.56,3756182.62,23138495.84,1956009.42,9639700.7,26041903.87,360.81,0,1
2018/11/01,11.28,12.41,13.3,14.8,9.79,10.7,10.44,11.37,2980818.93,23095165.17,2100129.91,8976115.81,25467425.55,362.82,0,1
2018/12/01,11.44,12.1,13.56,14.35,9.77,10.51,10.43,11.19,4866094.44,22708224.97,2329706.58,9839582.35,27068575.06,363.46,0,1
2019/01/01,11.37,11.8,13.51,13.93,9.91,10.34,10.62,11.02,5705553.55,22946790.85,2139666.39,9401819.72,26771087.05,360.94,0,1
2019/02/01,11.31,11.56,13.47,13.62,9.8,10.19,10.53,10.88,6355285.12,24165578.02,2241313.48,9189598.72,26546639.71,359.76,0,1
2019/03/01,11.25,11.4,13.45,13.42,9.46,10.04,10.24,10.75,7742158.55,23994737.21,2153220.11,9163264.98,26834815.12,359.24,0,1
2019/04/01,11.37,11.31,13.7,13.34,9.28,9.91,9.94,10.61,8003857.7,24887980.09,2158698.81,9539068.74,27579445.15,359,0,1
2019/05/01,11.4,11.3,13.79,13.37,9.03,9.77,9.64,10.44,7312173.99,24882438.34,2111848.42,9678333.94,27813701.61,359.75,0,1
2019/06/01,11.22,11.3,13.56,13.42,8.84,9.64,9.35,10.29,7583241.82,24758239.63,2014073.95,9510382.66,27898828.27,359.94,0,1
2019/07/01,11.08,11.29,13.39,13.46,8.8,9.52,9.42,10.17,9143121.76,24290254.02,2003090.93,9837842.33,28277141.77,359.43,0,0
2019/08/01,11.02,11.27,13.17,13.46,8.68,9.41,9.22,10.05,9453781.5,24819228.41,2018840.38,9576481.27,27556798.88,359,0,0
2019/09/01,11.24,11.27,13.51,13.47,8.94,9.34,9.43,9.97,10451819.6,25486509.12,2005600.83,9496933.66,27669957.17,359,0,0
2019/10/01,11.61,11.3,14.09,13.54,8.88,9.25,9.45,9.88,9089561.72,25848372.48,2055946.55,8920242.81,27811790.84,359,0,0
2019/11/01,11.85,11.35,14.48,13.65,8.99,9.19,9.48,9.8,9100341.79,26412742.87,2203274.21,9131475.61,28415371.99,359,0,0
2019/12/01,11.98,11.4,14.67,13.74,9.33,9.15,9.95,9.76,9483817.98,26694526.84,2442985.64,8510497.13,28783194.45,360.25,0,0
2020/01/01,12.13,11.46,14.85,13.86,9.35,9.11,9.81,9.7,9645254.92,26651990.11,2249769.69,8467394.22,29132380.36,361,0,0
2020/02/01,12.2,11.54,14.9,13.98,9.43,9.09,9.95,9.66,10352073.72,26780120.39,2186983.4,8611984.11,29719364.53,359,1,0
2020/03/01,12.26,11.62,14.98,14.11,9.73,9.11,10.22,9.66,10009034.68,28422913.43,2296174.39,9216164.6,31010122.07,376.89,1,0
2020/04/01,12.34,11.71,15.03,14.22,9.98,9.17,10.57,9.72,10710050.78,28893877.99,2307392.55,9757261.42,31958484.85,420.15,1,0
2020/05/01,12.4,11.79,15.04,14.33,10.12,9.27,10.7,9.81,9564579.49,29349249.05,2353337.05,10578122.12,32719162.68,443.89,1,0
2020/06/01,12.56,11.9,15.18,14.46,10.13,9.37,10.57,9.93,8898424.84,29555514.73,2300831.63,10513081.51,32593522.49,447.71,1,0
2020/07/01,12.82,12.05,15.48,14.63,10.1,9.48,10.64,10.03,9661188.09,30188383.44,2395917.03,10749123.62,33337326.82,464.71,1,0
2020/08/01,13.22,12.23,16,14.87,10.52,9.64,11.07,10.18,8410276.49,30382027.42,2370886.01,11162012.03,34262588.49,473.48,1,0
2020/09/01,13.71,12.44,16.66,15.13,10.58,9.77,11.16,10.33,9683889.71,29745781.51,2427329.31,11537186.27,34965447.66,453.68,1,0
2020/10/01,14.23,12.66,17.38,15.42,11.14,9.96,11.71,10.52,10449164.26,29087977.87,2498977.64,12094391.31,35729184.39,459.5,1,0
2020/11/01,14.89,12.92,18.3,15.75,11.05,10.14,11.6,10.69,10782279.08,29411876.98,2659710.45,12562525.53,36517795.8,472.74,1,0
2020/12/01,15.75,13.25,19.56,16.17,11.37,10.31,11.83,10.85,12404818.95,30149603.45,2908462.4,13481014.17,37704975.97,471.62,1,0
2021/01/01,16.47,13.62,20.57,16.66,11.85,10.52,12.5,11.08,12304773.44,30611813.19,2831167.19,13596152.06,37740325.88,472.4,1,0
2021/02/01,17.33,14.05,21.79,17.25,12.38,10.77,12.98,11.33,12945270.7,30720797.93,2779831.6,14231417.81,38230860.01,476.05,1,0
